,sneaker_name,UK_sizes
0,THE ROAD CYCLING SHOES,8.0
1,THE ROAD CYCLING SHOES,7.5
2,THE ROAD CYCLING SHOES,8.5
3,THE ROAD CYCLING SHOES,8.0
4,ULTRABOOST LIGHT SHOES,8.0
5,SOLARGLIDE 5 SHOES,7.5
6,ZX 1K BOOST 2.0 SHOES,9.0
7,SAMBA OG SHOES,8.0
8,SOLARGLIDE 5 SHOES,10.5
9,SOLARGLIDE 5 SHOES,8.5
10,ALLIVER M,7.5
11,SAMBA OG SHOES,8.0
12,NMD S1 SHOES,8.5
13,ULTRABOOST 1.0 SHOES,9.5
14,SAMBA OG SHOES,8.5
15,NMD S1 SHOES,9.5
16,SOLARGLIDE 5 SHOES,8.0
17,NMD S1 SHOES,7.0
18,ZX 1K BOOST 2.0 SHOES,9.0
19,THE ROAD CYCLING SHOES,10.0
20,ULTRABOOST 1.0 SHOES,8.5
21,SOLARGLIDE 5 SHOES,8.5
22,SOLARGLIDE 5 SHOES,8.0
23,ALLIVER M,8.0
24,ULTRABOOST 1.0 SHOES,8.0
25,ALLIVER M,9.0
26,ULTRABOOST LIGHT SHOES,10.5
27,ULTRABOOST LIGHT SHOES,7.0
28,NMD S1 SHOES,3.5
29,NMD S1 SHOES,9.5
30,THE ROAD CYCLING SHOES,6.0
31,ZX 1K BOOST 2.0 SHOES,4.0
32,THE ROAD CYCLING SHOES,8.0
33,ALLIVER M,9.0
34,ALLIVER M,11.5
35,ZX 1K BOOST 2.0 SHOES,4.5
36,ZX 1K BOOST 2.0 SHOES,7.0
37,ALLIVER M,8.5
38,ULTRABOOST 1.0 SHOES,4.0
39,ZX 1K BOOST 2.0 SHOES,8.0
40,SAMBA OG SHOES,11.0
41,NMD S1 SHOES,8.5
42,ULTRABOOST 1.0 SHOES,8.5
43,ULTRABOOST LIGHT SHOES,8.5
44,ZX 1K BOOST 2.0 SHOES,7.0
45,ULTRABOOST LIGHT SHOES,7.5
46,ALLIVER M,7.5
47,THE ROAD CYCLING SHOES,8.0
48,ULTRABOOST LIGHT SHOES,7.5
49,NMD S1 SHOES,10.5
50,ULTRABOOST 1.0 SHOES,8.0
51,SAMBA OG SHOES,11.0
52,ULTRABOOST LIGHT SHOES,9.0
53,ALLIVER M,10.0
54,ZX 1K BOOST 2.0 SHOES,8.0
55,SOLARGLIDE 5 SHOES,7.5
56,SAMBA OG SHOES,12.5
57,ULTRABOOST 1.0 SHOES,8.0
58,ALLIVER M,8.0
59,ALLIVER M,10.5
60,ZX 1K BOOST 2.0 SHOES,9.0
61,ALLIVER M,8.5
62,NMD S1 SHOES,10.5
63,SAMBA OG SHOES,9.0
64,SAMBA OG SHOES,7.0
65,SOLARGLIDE 5 SHOES,10.0
66,SOLARGLIDE 5 SHOES,8.0
67,SOLARGLIDE 5 SHOES,9.5
68,SOLARGLIDE 5 SHOES,9.0
69,THE ROAD CYCLING SHOES,8.0
70,ULTRABOOST 1.0 SHOES,6.5
71,SAMBA OG SHOES,7.5
72,ULTRABOOST LIGHT SHOES,8.5
73,ULTRABOOST LIGHT SHOES,10.0
74,THE ROAD CYCLING SHOES,8.0
75,SAMBA OG SHOES,9.0
76,ULTRABOOST 1.0 SHOES,5.5
77,SOLARGLIDE 5 SHOES,8.0
78,ULTRABOOST LIGHT SHOES,9.0
79,THE ROAD CYCLING SHOES,7.5
80,ULTRABOOST 1.0 SHOES,7.5
81,ULTRABOOST LIGHT SHOES,7.0
82,ULTRABOOST 1.0 SHOES,8.5
83,NMD S1 SHOES,6.5
84,NMD S1 SHOES,11.0
85,ZX 1K BOOST 2.0 SHOES,10.5
86,SOLARGLIDE 5 SHOES,8.0
87,THE ROAD CYCLING SHOES,9.5
88,ULTRABOOST 1.0 SHOES,8.0
89,SOLARGLIDE 5 SHOES,10.0
90,SOLARGLIDE 5 SHOES,8.5
91,THE ROAD CYCLING SHOES,8.5
92,NMD S1 SHOES,8.5
93,THE ROAD CYCLING SHOES,8.0
94,ULTRABOOST LIGHT SHOES,8.0
95,ULTRABOOST 1.0 SHOES,13.5
96,ULTRABOOST 1.0 SHOES,6.5
97,ZX 1K BOOST 2.0 SHOES,8.0
98,ZX 1K BOOST 2.0 SHOES,9.5
99,SAMBA OG SHOES,6.5
100,NMD S1 SHOES,9.0
101,ULTRABOOST LIGHT SHOES,8.0
102,ULTRABOOST 1.0 SHOES,7.5
103,SAMBA OG SHOES,8.0
104,ALLIVER M,9.5
105,THE ROAD CYCLING SHOES,7.5
106,ULTRABOOST LIGHT SHOES,11.0
107,ULTRABOOST 1.0 SHOES,8.0
108,SOLARGLIDE 5 SHOES,9.0
109,SOLARGLIDE 5 SHOES,8.0
110,SOLARGLIDE 5 SHOES,9.0
111,SAMBA OG SHOES,10.0
112,ULTRABOOST LIGHT SHOES,4.5
113,ALLIVER M,6.5
114,ULTRABOOST LIGHT SHOES,9.0
115,NMD S1 SHOES,8.5
116,THE ROAD CYCLING SHOES,8.5
117,ULTRABOOST LIGHT SHOES,6.5
118,ALLIVER M,8.0
119,ULTRABOOST LIGHT SHOES,9.0
120,ALLIVER M,10.0
121,SOLARGLIDE 5 SHOES,8.5
122,NMD S1 SHOES,7.5
123,NMD S1 SHOES,12.5
124,ZX 1K BOOST 2.0 SHOES,8.5
125,SAMBA OG SHOES,9.0
126,ULTRABOOST 1.0 SHOES,7.5
127,SOLARGLIDE 5 SHOES,5.5
128,THE ROAD CYCLING SHOES,9.0
129,ULTRABOOST LIGHT SHOES,8.5
130,NMD S1 SHOES,8.0
131,NMD S1 SHOES,7.5
132,SAMBA OG SHOES,9.5
133,SAMBA OG SHOES,9.0
134,ULTRABOOST LIGHT SHOES,8.0
135,ZX 1K BOOST 2.0 SHOES,8.0
136,ULTRABOOST LIGHT SHOES,10.0
137,ZX 1K BOOST 2.0 SHOES,9.5
138,ZX 1K BOOST 2.0 SHOES,12.0
139,ULTRABOOST 1.0 SHOES,8.5
140,THE ROAD CYCLING SHOES,9.0
141,THE ROAD CYCLING SHOES,6.0
142,SAMBA OG SHOES,7.0
143,ULTRABOOST 1.0 SHOES,8.5
144,THE ROAD CYCLING SHOES,7.5
145,ULTRABOOST 1.0 SHOES,8.5
146,ZX 1K BOOST 2.0 SHOES,7.5
147,SOLARGLIDE 5 SHOES,8.5
148,SAMBA OG SHOES,6.5
149,NMD S1 SHOES,8.0
150,ULTRABOOST 1.0 SHOES,8.5
151,ZX 1K BOOST 2.0 SHOES,8.5
152,ULTRABOOST 1.0 SHOES,9.0
153,ULTRABOOST LIGHT SHOES,9.5
154,NMD S1 SHOES,8.5
155,ZX 1K BOOST 2.0 SHOES,9.0
156,SOLARGLIDE 5 SHOES,6.0
157,ALLIVER M,8.0
158,THE ROAD CYCLING SHOES,11.0
159,ULTRABOOST 1.0 SHOES,9.0
160,SAMBA OG SHOES,11.0
161,THE ROAD CYCLING SHOES,5.5
162,ULTRABOOST 1.0 SHOES,7.5
163,SOLARGLIDE 5 SHOES,8.0
164,ULTRABOOST 1.0 SHOES,10.0
165,ALLIVER M,8.5
166,SAMBA OG SHOES,12.5
167,NMD S1 SHOES,7.0
168,SAMBA OG SHOES,7.5
169,THE ROAD CYCLING SHOES,8.5
170,SOLARGLIDE 5 SHOES,8.0
171,SAMBA OG SHOES,12.0
172,ULTRABOOST 1.0 SHOES,8.0
173,ULTRABOOST 1.0 SHOES,7.5
174,SAMBA OG SHOES,8.5
175,ULTRABOOST 1.0 SHOES,9.0
176,ALLIVER M,10.5
177,SOLARGLIDE 5 SHOES,12.0
178,ULTRABOOST 1.0 SHOES,8.0
179,ULTRABOOST 1.0 SHOES,9.0
180,NMD S1 SHOES,3.5
181,SAMBA OG SHOES,7.5
182,ALLIVER M,10.5
183,THE ROAD CYCLING SHOES,8.5
184,SOLARGLIDE 5 SHOES,8.5
185,THE ROAD CYCLING SHOES,8.0
186,NMD S1 SHOES,8.5
187,ZX 1K BOOST 2.0 SHOES,7.0
188,ULTRABOOST LIGHT SHOES,4.0
189,ZX 1K BOOST 2.0 SHOES,11.5
190,ULTRABOOST LIGHT SHOES,7.0
191,NMD S1 SHOES,9.0
192,SAMBA OG SHOES,4.5
193,ULTRABOOST LIGHT SHOES,7.5
194,ALLIVER M,8.5
195,ULTRABOOST 1.0 SHOES,12.0
196,THE ROAD CYCLING SHOES,4.5
197,ULTRABOOST LIGHT SHOES,7.5
198,ULTRABOOST LIGHT SHOES,8.5
199,SAMBA OG SHOES,6.0
200,SOLARGLIDE 5 SHOES,8.5
201,SOLARGLIDE 5 SHOES,8.5
202,ULTRABOOST LIGHT SHOES,8.5
203,THE ROAD CYCLING SHOES,6.5
204,ULTRABOOST LIGHT SHOES,9.5
205,THE ROAD CYCLING SHOES,10.0
206,SOLARGLIDE 5 SHOES,8.0
207,SOLARGLIDE 5 SHOES,8.0
208,ALLIVER M,9.5
209,SOLARGLIDE 5 SHOES,7.0
210,ULTRABOOST 1.0 SHOES,8.0
211,ULTRABOOST 1.0 SHOES,9.5
212,ULTRABOOST LIGHT SHOES,8.0
213,NMD S1 SHOES,5.0
214,NMD S1 SHOES,8.0
215,NMD S1 SHOES,8.5
216,SAMBA OG SHOES,9.5
217,ALLIVER M,9.5
218,SAMBA OG SHOES,7.0
219,ALLIVER M,8.0
220,THE ROAD CYCLING SHOES,7.5
221,SOLARGLIDE 5 SHOES,6.5
222,ULTRABOOST 1.0 SHOES,11.5
223,THE ROAD CYCLING SHOES,8.0
224,ZX 1K BOOST 2.0 SHOES,11.0
225,SAMBA OG SHOES,9.5
226,ULTRABOOST 1.0 SHOES,13.0
227,ULTRABOOST 1.0 SHOES,6.0
228,NMD S1 SHOES,8.0
229,NMD S1 SHOES,8.5
230,ALLIVER M,10.0
231,ALLIVER M,8.0
232,SAMBA OG SHOES,6.5
233,ULTRABOOST 1.0 SHOES,8.0
234,ULTRABOOST 1.0 SHOES,9.5
235,THE ROAD CYCLING SHOES,8.5
236,ULTRABOOST 1.0 SHOES,12.0
237,SOLARGLIDE 5 SHOES,8.5
238,THE ROAD CYCLING SHOES,6.5
239,SAMBA OG SHOES,8.0
240,SOLARGLIDE 5 SHOES,8.0
241,ZX 1K BOOST 2.0 SHOES,8.0
242,ALLIVER M,7.5
243,NMD S1 SHOES,9.0
244,ULTRABOOST 1.0 SHOES,8.5
245,ZX 1K BOOST 2.0 SHOES,11.0
246,ULTRABOOST 1.0 SHOES,8.0
247,SAMBA OG SHOES,9.0
248,ALLIVER M,8.0
249,ULTRABOOST LIGHT SHOES,8.0
250,SOLARGLIDE 5 SHOES,5.5
251,NMD S1 SHOES,8.5
252,THE ROAD CYCLING SHOES,8.0
253,ZX 1K BOOST 2.0 SHOES,9.5
254,THE ROAD CYCLING SHOES,4.5
255,SOLARGLIDE 5 SHOES,8.0
256,SAMBA OG SHOES,8.0
257,ULTRABOOST LIGHT SHOES,5.0
258,ULTRABOOST LIGHT SHOES,12.5
259,THE ROAD CYCLING SHOES,6.5
260,ULTRABOOST 1.0 SHOES,8.5
261,ULTRABOOST 1.0 SHOES,9.0
262,SAMBA OG SHOES,8.0
263,ULTRABOOST LIGHT SHOES,12.0
264,NMD S1 SHOES,8.0
265,ALLIVER M,4.5
266,SAMBA OG SHOES,9.0
267,ALLIVER M,11.5
268,ULTRABOOST LIGHT SHOES,7.5
269,SOLARGLIDE 5 SHOES,6.5
270,SOLARGLIDE 5 SHOES,8.0
271,NMD S1 SHOES,8.0
272,ZX 1K BOOST 2.0 SHOES,10.0
273,SOLARGLIDE 5 SHOES,7.5
274,SOLARGLIDE 5 SHOES,8.0
275,SAMBA OG SHOES,8.5
276,NMD S1 SHOES,9.5
277,ZX 1K BOOST 2.0 SHOES,11.5
278,ALLIVER M,8.0
279,ULTRABOOST 1.0 SHOES,8.5
280,ALLIVER M,10.0
281,ULTRABOOST LIGHT SHOES,7.5
282,ULTRABOOST LIGHT SHOES,8.5
283,SOLARGLIDE 5 SHOES,9.0
284,ULTRABOOST LIGHT SHOES,8.5
285,NMD S1 SHOES,9.5
286,ZX 1K BOOST 2.0 SHOES,8.5
287,NMD S1 SHOES,10.0
288,ZX 1K BOOST 2.0 SHOES,7.5
289,SOLARGLIDE 5 SHOES,8.0
290,THE ROAD CYCLING SHOES,8.5
291,ULTRABOOST LIGHT SHOES,7.5
292,SOLARGLIDE 5 SHOES,7.5
293,ALLIVER M,9.0
294,ULTRABOOST 1.0 SHOES,9.0
295,ALLIVER M,9.5
296,ALLIVER M,8.0
297,SOLARGLIDE 5 SHOES,10.0
298,ZX 1K BOOST 2.0 SHOES,9.5
299,SAMBA OG SHOES,8.0
300,ULTRABOOST 1.0 SHOES,8.5
301,NMD S1 SHOES,8.5
302,THE ROAD CYCLING SHOES,8.5
303,THE ROAD CYCLING SHOES,8.0
304,NMD S1 SHOES,7.5
305,ULTRABOOST 1.0 SHOES,11.5
306,ULTRABOOST 1.0 SHOES,9.5
307,SOLARGLIDE 5 SHOES,12.5
308,NMD S1 SHOES,8.5
309,ZX 1K BOOST 2.0 SHOES,8.5
310,THE ROAD CYCLING SHOES,9.0
311,ULTRABOOST 1.0 SHOES,10.5
312,SAMBA OG SHOES,8.5
313,ULTRABOOST LIGHT SHOES,8.5
314,ULTRABOOST 1.0 SHOES,6.5
315,NMD S1 SHOES,8.5
316,ZX 1K BOOST 2.0 SHOES,4.5
317,ALLIVER M,8.0
318,ALLIVER M,8.5
319,NMD S1 SHOES,9.0
320,ULTRABOOST 1.0 SHOES,8.0
321,SAMBA OG SHOES,7.5
322,ULTRABOOST LIGHT SHOES,7.0
323,ZX 1K BOOST 2.0 SHOES,6.5
324,SAMBA OG SHOES,10.0
325,SOLARGLIDE 5 SHOES,11.5
326,ULTRABOOST 1.0 SHOES,7.0
327,SAMBA OG SHOES,8.5
328,THE ROAD CYCLING SHOES,4.5
329,SOLARGLIDE 5 SHOES,8.0
330,ULTRABOOST 1.0 SHOES,7.5
331,THE ROAD CYCLING SHOES,8.5
332,SAMBA OG SHOES,9.5
333,SAMBA OG SHOES,9.5
334,ULTRABOOST LIGHT SHOES,10.0
335,NMD S1 SHOES,6.0
336,ALLIVER M,5.0
337,ZX 1K BOOST 2.0 SHOES,7.0
338,ZX 1K BOOST 2.0 SHOES,7.5
339,ZX 1K BOOST 2.0 SHOES,8.0
340,THE ROAD CYCLING SHOES,11.0
341,ZX 1K BOOST 2.0 SHOES,9.0
342,SAMBA OG SHOES,8.0
343,ZX 1K BOOST 2.0 SHOES,8.5
344,SAMBA OG SHOES,8.0
345,SOLARGLIDE 5 SHOES,8.0
346,SAMBA OG SHOES,10.5
347,NMD S1 SHOES,10.0
348,THE ROAD CYCLING SHOES,8.0
349,ZX 1K BOOST 2.0 SHOES,6.5
350,ALLIVER M,13.0
351,ULTRABOOST 1.0 SHOES,6.5
352,NMD S1 SHOES,9.0
353,SOLARGLIDE 5 SHOES,5.0
354,SAMBA OG SHOES,9.5
355,NMD S1 SHOES,8.0
356,ALLIVER M,7.5
357,ALLIVER M,7.0
358,SOLARGLIDE 5 SHOES,9.5
359,SOLARGLIDE 5 SHOES,7.0
360,ALLIVER M,9.0
361,ZX 1K BOOST 2.0 SHOES,7.0
362,THE ROAD CYCLING SHOES,6.5
363,ALLIVER M,9.5
364,THE ROAD CYCLING SHOES,7.5
365,NMD S1 SHOES,10.0
366,ULTRABOOST 1.0 SHOES,8.5
367,ULTRABOOST LIGHT SHOES,6.0
368,ZX 1K BOOST 2.0 SHOES,9.0
369,ZX 1K BOOST 2.0 SHOES,9.0
370,ULTRABOOST LIGHT SHOES,8.5
371,NMD S1 SHOES,7.0
372,ULTRABOOST 1.0 SHOES,9.0
373,ALLIVER M,8.0
374,ZX 1K BOOST 2.0 SHOES,9.0
375,NMD S1 SHOES,8.0
376,ZX 1K BOOST 2.0 SHOES,9.0
377,NMD S1 SHOES,10.0
378,SOLARGLIDE 5 SHOES,8.0
379,ALLIVER M,8.5
380,ULTRABOOST 1.0 SHOES,8.0
381,ZX 1K BOOST 2.0 SHOES,7.0
382,NMD S1 SHOES,6.5
383,ULTRABOOST LIGHT SHOES,8.0
384,SAMBA OG SHOES,11.5
385,ALLIVER M,7.0
386,SAMBA OG SHOES,7.5
387,ULTRABOOST 1.0 SHOES,10.0
388,SOLARGLIDE 5 SHOES,10.0
389,THE ROAD CYCLING SHOES,11.0
390,ULTRABOOST 1.0 SHOES,8.5
391,ULTRABOOST 1.0 SHOES,12.0
392,ALLIVER M,12.5
393,SOLARGLIDE 5 SHOES,7.5
394,SAMBA OG SHOES,10.0
395,ULTRABOOST LIGHT SHOES,8.0
396,ULTRABOOST LIGHT SHOES,10.5
397,ZX 1K BOOST 2.0 SHOES,8.0
398,ULTRABOOST 1.0 SHOES,8.0
399,ZX 1K BOOST 2.0 SHOES,11.5
400,ZX 1K BOOST 2.0 SHOES,7.5
401,THE ROAD CYCLING SHOES,8.5
402,ULTRABOOST LIGHT SHOES,7.5
403,SAMBA OG SHOES,7.5
404,NMD S1 SHOES,7.5
405,NMD S1 SHOES,6.5
406,THE ROAD CYCLING SHOES,9.0
407,SOLARGLIDE 5 SHOES,10.0
408,THE ROAD CYCLING SHOES,8.5
409,THE ROAD CYCLING SHOES,9.0
410,ALLIVER M,8.0
411,THE ROAD CYCLING SHOES,8.0
412,SOLARGLIDE 5 SHOES,7.5
413,ALLIVER M,8.5
414,ULTRABOOST LIGHT SHOES,4.0
415,NMD S1 SHOES,9.0
416,SAMBA OG SHOES,8.5
417,SOLARGLIDE 5 SHOES,5.5
418,ULTRABOOST 1.0 SHOES,9.5
419,SAMBA OG SHOES,10.0
420,ALLIVER M,9.0
421,ALLIVER M,7.0
422,ULTRABOOST LIGHT SHOES,10.5
423,SAMBA OG SHOES,9.0
424,ULTRABOOST 1.0 SHOES,12.0
425,ZX 1K BOOST 2.0 SHOES,10.0
426,NMD S1 SHOES,8.0
427,SAMBA OG SHOES,6.0
428,SAMBA OG SHOES,9.5
429,ZX 1K BOOST 2.0 SHOES,8.5
430,ALLIVER M,8.5
431,ALLIVER M,13.0
432,ULTRABOOST LIGHT SHOES,9.5
433,ULTRABOOST 1.0 SHOES,8.5
434,THE ROAD CYCLING SHOES,8.0
435,SAMBA OG SHOES,7.0
436,ALLIVER M,8.5
437,SAMBA OG SHOES,8.0
438,ALLIVER M,8.0
439,NMD S1 SHOES,10.0
440,SOLARGLIDE 5 SHOES,9.0
441,ZX 1K BOOST 2.0 SHOES,9.0
442,ZX 1K BOOST 2.0 SHOES,8.0
443,ULTRABOOST 1.0 SHOES,7.5
444,NMD S1 SHOES,9.0
445,NMD S1 SHOES,8.5
446,THE ROAD CYCLING SHOES,7.0
447,THE ROAD CYCLING SHOES,7.0
448,SAMBA OG SHOES,8.5
449,ULTRABOOST 1.0 SHOES,8.0
450,THE ROAD CYCLING SHOES,9.5
451,NMD S1 SHOES,9.5
452,ZX 1K BOOST 2.0 SHOES,8.0
453,ULTRABOOST LIGHT SHOES,7.5
454,NMD S1 SHOES,7.0
455,ULTRABOOST LIGHT SHOES,8.5
456,THE ROAD CYCLING SHOES,9.5
457,ULTRABOOST LIGHT SHOES,8.5
458,ALLIVER M,8.0
459,SOLARGLIDE 5 SHOES,9.5
460,ULTRABOOST LIGHT SHOES,8.5
461,ULTRABOOST LIGHT SHOES,10.5
462,NMD S1 SHOES,8.5
463,SOLARGLIDE 5 SHOES,10.0
464,NMD S1 SHOES,5.0
465,ALLIVER M,10.0
466,ZX 1K BOOST 2.0 SHOES,6.5
467,ULTRABOOST 1.0 SHOES,8.0
468,SOLARGLIDE 5 SHOES,8.0
469,SOLARGLIDE 5 SHOES,8.0
470,ULTRABOOST 1.0 SHOES,9.0
471,ZX 1K BOOST 2.0 SHOES,7.0
472,SOLARGLIDE 5 SHOES,6.5
473,ALLIVER M,12.0
474,ALLIVER M,8.5
475,NMD S1 SHOES,9.0
476,THE ROAD CYCLING SHOES,10.0
477,ULTRABOOST LIGHT SHOES,8.5
478,NMD S1 SHOES,6.5
479,NMD S1 SHOES,8.5
480,ALLIVER M,5.5
481,SAMBA OG SHOES,8.5
482,ULTRABOOST LIGHT SHOES,7.5
483,ULTRABOOST LIGHT SHOES,11.0
484,ULTRABOOST LIGHT SHOES,8.0
485,ALLIVER M,8.5
486,SAMBA OG SHOES,13.5
487,ALLIVER M,7.0
488,SAMBA OG SHOES,8.0
489,NMD S1 SHOES,8.5
490,ZX 1K BOOST 2.0 SHOES,7.5
491,THE ROAD CYCLING SHOES,8.5
492,SOLARGLIDE 5 SHOES,5.5
493,NMD S1 SHOES,8.0
494,SOLARGLIDE 5 SHOES,3.5
495,NMD S1 SHOES,8.5
496,THE ROAD CYCLING SHOES,8.5
497,SOLARGLIDE 5 SHOES,8.5
498,THE ROAD CYCLING SHOES,10.0
499,ALLIVER M,7.5
